{"cameraMode":{"drawMode":0,"name":"Shaded","section":"Shading Mode"},"sceneLighting":false,"audioPlay":false,"sceneViewState":{"showFog":false,"showMaterialUpdate":false,"showSkybox":false,"showFlares":false,"showImageEffects":false,"showParticleSystems":true},"in2DMode":false,"pivot":{"x":-5.904263496398926,"y":-0.25723233819007876,"z":-10.01363468170166},"rotation":{"x":-0.02374686673283577,"y":0.9688054919242859,"z":-0.10239653289318085,"w":-0.22448758780956269},"size":20.96999740600586,"orthographic":false}