{"cameraMode":{"drawMode":0,"name":"Shaded","section":"Shading Mode"},"sceneLighting":false,"audioPlay":false,"sceneViewState":{"showFog":false,"showMaterialUpdate":false,"showSkybox":false,"showFlares":false,"showImageEffects":false,"showParticleSystems":true},"in2DMode":false,"pivot":{"x":-9.300000190734864,"y":0.9788899421691895,"z":-56.0099983215332},"rotation":{"x":-0.01283673383295536,"y":0.9874330163002014,"z":-0.11402137577533722,"w":-0.11552108079195023},"size":4.041658401489258,"orthographic":false}