{"cameraMode":{"drawMode":0,"name":"Shaded","section":"Shading Mode"},"sceneLighting":false,"audioPlay":false,"sceneViewState":{"showFog":false,"showMaterialUpdate":false,"showSkybox":false,"showFlares":false,"showImageEffects":false,"showParticleSystems":true},"in2DMode":false,"pivot":{"x":-9.300000190734864,"y":1.4240366220474244,"z":-43.66162109375},"rotation":{"x":0.3528822362422943,"y":0.24507077038288117,"z":-0.09225780516862869,"w":0.8995136618614197},"size":6.206239223480225,"orthographic":false}