{"cameraMode":{"drawMode":0,"name":"Shaded","section":"Shading Mode"},"sceneLighting":false,"audioPlay":false,"sceneViewState":{"showFog":false,"showMaterialUpdate":false,"showSkybox":false,"showFlares":false,"showImageEffects":false,"showParticleSystems":true},"in2DMode":false,"pivot":{"x":-6.145049095153809,"y":0.9788899421691895,"z":-56.13999938964844},"rotation":{"x":0.3528822362422943,"y":0.24507077038288117,"z":-0.09225780516862869,"w":0.8995136618614197},"size":4.041658401489258,"orthographic":false}