{"cameraMode":{"drawMode":0,"name":"Shaded","section":"Shading Mode"},"sceneLighting":false,"audioPlay":false,"sceneViewState":{"showFog":false,"showMaterialUpdate":false,"showSkybox":false,"showFlares":false,"showImageEffects":false,"showParticleSystems":true},"in2DMode":false,"pivot":{"x":-10.48261833190918,"y":1.9199999570846558,"z":-49.95566940307617},"rotation":{"x":0.0009435492684133351,"y":0.9984127283096314,"z":-0.05486693233251572,"w":0.017953988164663316},"size":0.00005923371281824075,"orthographic":false}