{"cameraMode":{"drawMode":0,"name":"Shaded","section":"Shading Mode"},"sceneLighting":true,"audioPlay":false,"sceneViewState":{"showFog":false,"showMaterialUpdate":false,"showSkybox":false,"showFlares":false,"showImageEffects":false,"showParticleSystems":true},"in2DMode":false,"pivot":{"x":-15.26876449584961,"y":-13.538275718688965,"z":-36.69993209838867},"rotation":{"x":0.2022097259759903,"y":-0.04801283776760101,"z":0.006724349223077297,"w":0.9795780777931213},"size":55.34718704223633,"orthographic":false}