{"cameraMode":{"drawMode":0,"name":"Shaded","section":"Shading Mode"},"sceneLighting":false,"audioPlay":false,"sceneViewState":{"showFog":false,"showMaterialUpdate":false,"showSkybox":false,"showFlares":false,"showImageEffects":false,"showParticleSystems":true},"in2DMode":false,"pivot":{"x":-1.9948463439941407,"y":0.1468515396118164,"z":-10.146907806396485},"rotation":{"x":-0.01283673383295536,"y":0.9874330163002014,"z":-0.11402137577533722,"w":-0.11552108079195023},"size":18.145038604736329,"orthographic":false}