{"cameraMode":{"drawMode":0,"name":"Shaded","section":"Shading Mode"},"sceneLighting":false,"audioPlay":false,"sceneViewState":{"showFog":false,"showMaterialUpdate":false,"showSkybox":false,"showFlares":false,"showImageEffects":false,"showParticleSystems":true},"in2DMode":false,"pivot":{"x":-0.012000024318695069,"y":2.806999921798706,"z":0.10000002384185791},"rotation":{"x":-0.16718755662441255,"y":-0.7708337903022766,"z":0.2253480702638626,"w":-0.571999192237854},"size":5.25850772857666,"orthographic":false}