{"cameraMode":{"drawMode":0,"name":"Shaded","section":"Shading Mode"},"sceneLighting":false,"audioPlay":false,"sceneViewState":{"showFog":false,"showMaterialUpdate":false,"showSkybox":false,"showFlares":false,"showImageEffects":false,"showParticleSystems":true},"in2DMode":false,"pivot":{"x":-1.115911841392517,"y":2.621997356414795,"z":-55.15293502807617},"rotation":{"x":-0.21187284588813783,"y":-0.13513264060020448,"z":0.029498418793082238,"w":-0.9682980179786682},"size":4.665558338165283,"orthographic":false}