{"cameraMode":{"drawMode":0,"name":"Shaded","section":"Shading Mode"},"sceneLighting":false,"audioPlay":false,"sceneViewState":{"showFog":false,"showMaterialUpdate":false,"showSkybox":false,"showFlares":false,"showImageEffects":false,"showParticleSystems":true},"in2DMode":false,"pivot":{"x":-3.7200000286102297,"y":1.0,"z":-50.9900016784668},"rotation":{"x":-0.25767895579338076,"y":-0.0006304329726845026,"z":0.00015765661373734474,"w":-0.9670605063438416},"size":4.665558815002441,"orthographic":false}