{"cameraMode":{"drawMode":0,"name":"Shaded","section":"Shading Mode"},"sceneLighting":false,"audioPlay":false,"sceneViewState":{"showFog":false,"showMaterialUpdate":false,"showSkybox":false,"showFlares":false,"showImageEffects":false,"showParticleSystems":true},"in2DMode":false,"pivot":{"x":-16.646461486816408,"y":-11.512022972106934,"z":-55.40011215209961},"rotation":{"x":0.14717231690883637,"y":-0.7974187135696411,"z":0.5426216721534729,"w":0.22356601059436799},"size":23.190420150756837,"orthographic":false}