{"cameraMode":{"drawMode":0,"name":"Shaded","section":"Shading Mode"},"sceneLighting":false,"audioPlay":false,"sceneViewState":{"showFog":false,"showMaterialUpdate":false,"showSkybox":false,"showFlares":false,"showImageEffects":false,"showParticleSystems":true},"in2DMode":false,"pivot":{"x":-9.300000190734864,"y":1.4240366220474244,"z":-43.25080871582031},"rotation":{"x":-0.23506957292556764,"y":-0.012537837959825993,"z":0.0030485873576253654,"w":-0.9719067811965942},"size":6.897841930389404,"orthographic":false}